Start Time,Duration,Run ID,Name,Source Type,Source Name,User,Status,dampening,differentiable,epochs,foreach,lr,maximize,momentum,nesterov,optimizer_name,weight_decay,test_acc_top1,test_acc_top5,test_loss,train_acc_top1,train_acc_top5,val_acc_top1,val_acc_top5,val_loss,Mode
2023-11-16 16:14:25,18.2min,cc97bc375d4044808987857dcc280376,Approximate Retraining - Behavioral - mitch_trunc_3,LOCAL,experiments/vgg_imagenet200.py,elias,FINISHED,0,False,1,None,0.001,False,0,False,SGD,0,0.6132000088691711,0.8334000110626221,2.1736807823181152,0.8998444676399231,0.979033350944519,0.5613999962806702,0.800000011920929,2.580650568008423,testing
2023-11-16 16:07:42,6.7min,ebae74a577d64cb0a175dd0d0b8fc97c,Approximate Retraining - HTP - mitch_trunc_3,LOCAL,experiments/vgg_imagenet200.py,elias,FINISHED,0,False,1,None,0.001,False,0,False,SGD,0,0.613099992275238,0.8335999846458435,2.173569679260254,0.8999444246292114,0.979033350944519,0.5612999796867371,0.7997999787330627,2.5805885791778564,testing
2023-11-16 16:02:50,4.8min,a8a16a9ab6824d41bca9b75062e0d705,Approximate Retraining - Linear - mitch_trunc_3,LOCAL,experiments/vgg_imagenet200.py,elias,FINISHED,0,False,1,None,0.001,False,0,False,SGD,0,0.613099992275238,0.833299994468689,2.1761958599090576,0.8988444209098816,0.9788222312927246,0.5611000061035156,0.8004999756813049,2.570988655090332,testing
2023-11-16 15:58:56,3.9min,8c67486916864c24bc8716f4900d871c,Noise Training - mitch_trunc_3,LOCAL,experiments/vgg_imagenet200.py,elias,FINISHED,0,False,1,None,0.001,False,0,False,SGD,0,0.6118000149726868,0.8360999822616577,2.1330716609954834,0.8665778040885925,0.97079998254776,0.5659999847412109,0.800599992275238,3.169518232345581,testing
2023-11-16 15:55:03,3.8min,0caad863fb104b698e0254f3e5d18c40,Approximate Retraining - Baseline - mitch_trunc_3,LOCAL,experiments/vgg_imagenet200.py,elias,FINISHED,0,False,1,None,0.001,False,0,False,SGD,0,0.6136000156402588,0.8356000185012817,2.1332199573516846,0.9008444547653198,0.9793444275856018,0.5622000098228455,0.800599992275238,3.1935877799987793,testing
2023-11-16 15:32:57,18.2min,d7077eb0c79a4bd7b809d5894dad6aab,Approximate Retraining - Behavioral - mitch_trunc_4,LOCAL,experiments/vgg_imagenet200.py,elias,FINISHED,0,False,1,None,0.001,False,0,False,SGD,0,0.6118000149726868,0.8339999914169312,2.4112133979797363,0.9011666774749756,0.9793444275856018,0.5616999864578247,0.8007000088691711,2.868964195251465,testing
2023-11-16 15:26:16,6.6min,13a2acc326024c9f84dd790caf2789df,Approximate Retraining - HTP - mitch_trunc_4,LOCAL,experiments/vgg_imagenet200.py,elias,FINISHED,0,False,1,None,0.001,False,0,False,SGD,0,0.6118999719619751,0.8341000080108643,2.4112813472747803,0.9011333584785461,0.9793333411216736,0.5616000294685364,0.8007000088691711,2.869009017944336,testing
2023-11-16 15:21:23,4.8min,0bcaa458392c4885be88460588c3f3a3,Approximate Retraining - Linear - mitch_trunc_4,LOCAL,experiments/vgg_imagenet200.py,elias,FINISHED,0,False,1,None,0.001,False,0,False,SGD,0,0.6123999953269958,0.8335000276565552,2.4146385192871094,0.8994666934013367,0.9789999723434448,0.5616000294685364,0.800599992275238,2.8221733570098877,testing
2023-11-16 15:17:26,3.9min,ff056f1e77fc44a6863c7e6414b280e0,Noise Training - mitch_trunc_4,LOCAL,experiments/vgg_imagenet200.py,elias,FINISHED,0,False,1,None,0.001,False,0,False,SGD,0,0.6128000020980835,0.8349999785423279,2.392455577850342,0.8786110877990723,0.9729889035224915,0.5666999816894531,0.8008999824523926,3.1673388481140137,testing
2023-11-16 15:13:35,3.8min,75c4cc4dfdd0426e9bc03dd3934cb217,Approximate Retraining - Baseline - mitch_trunc_4,LOCAL,experiments/vgg_imagenet200.py,elias,FINISHED,0,False,1,None,0.001,False,0,False,SGD,0,0.613099992275238,0.8343999981880188,2.393993616104126,0.9008444547653198,0.9793444275856018,0.5622000098228455,0.800599992275238,3.1935877799987793,testing
2023-11-16 14:51:02,18.1min,52fffb76ba144c029efc13e5342cd1d4,Approximate Retraining - Behavioral - mitch_trunc_5,LOCAL,experiments/vgg_imagenet200.py,elias,FINISHED,0,False,1,None,0.001,False,0,False,SGD,0,0.6128000020980835,0.8342000246047974,2.5422627925872803,0.9012666940689087,0.9794111251831055,0.5626999735832214,0.8008999824523926,3.0291154384613037,testing
2023-11-16 14:44:14,6.7min,32d32afb88b344bfa2ae6096f8804b55,Approximate Retraining - HTP - mitch_trunc_5,LOCAL,experiments/vgg_imagenet200.py,elias,FINISHED,0,False,1,None,0.001,False,0,False,SGD,0,0.6129000186920166,0.8342999815940857,2.5421881675720215,0.9012222290039062,0.979366660118103,0.5627999901771545,0.8008999824523926,3.0291213989257812,testing
2023-11-16 14:39:21,4.8min,78781e290ffb4c68bbdbbc6fa74cacd3,Approximate Retraining - Linear - mitch_trunc_5,LOCAL,experiments/vgg_imagenet200.py,elias,FINISHED,0,False,1,None,0.001,False,0,False,SGD,0,0.6119999885559082,0.8339999914169312,2.547356367111206,0.8991110920906067,0.9789666533470154,0.5616000294685364,0.8008999824523926,2.9605867862701416,testing
2023-11-16 14:35:27,3.9min,08be072178f74774989647ccb9449dbe,Noise Training - mitch_trunc_5,LOCAL,experiments/vgg_imagenet200.py,elias,FINISHED,0,False,1,None,0.001,False,0,False,SGD,0,0.613099992275238,0.835099995136261,2.5337774753570557,0.8823666572570801,0.9737889170646667,0.5667999982833862,0.8008999824523926,3.1665241718292236,testing
2023-11-16 14:31:38,3.7min,6db3cf5402c34206ba8ec2fbad2568c1,Approximate Retraining - Baseline - mitch_trunc_5,LOCAL,experiments/vgg_imagenet200.py,elias,FINISHED,0,False,1,None,0.001,False,0,False,SGD,0,0.6122999787330627,0.8339999914169312,2.5348079204559326,0.9008444547653198,0.9793444275856018,0.5622000098228455,0.800599992275238,3.1935877799987793,testing
2023-11-16 13:53:19,18.0min,7c6ed3effc534e99bd475efa858e4ed1,Approximate Retraining - Behavioral - DRUM_5,LOCAL,experiments/vgg_imagenet200.py,elias,FINISHED,0,False,1,None,0.001,False,0,False,SGD,0,0.6122999787330627,0.8339999914169312,2.6178226470947266,0.8992555737495422,0.9791666865348816,0.5613999962806702,0.8003000020980835,3.1267757415771484,testing
2023-11-16 13:45:31,7.8min,9180bc1ee59c4bd5aa5cab9fceee8d0a,Approximate Retraining - HTP - DRUM_5,LOCAL,experiments/vgg_imagenet200.py,elias,FINISHED,0,False,1,None,0.001,False,0,False,SGD,0,0.612500011920929,0.8339999914169312,2.61799693107605,0.8992444276809692,0.9790999889373779,0.5615000128746033,0.8004999756813049,3.126664400100708,testing
2023-11-16 13:40:39,4.8min,c0967fe814d9414e89654e064e73391c,Approximate Retraining - Linear - DRUM_5,LOCAL,experiments/vgg_imagenet200.py,elias,FINISHED,0,False,1,None,0.001,False,0,False,SGD,0,0.6122999787330627,0.8345000147819519,2.61494517326355,0.8993777632713318,0.9790444374084473,0.5615000128746033,0.8012999892234802,3.208359956741333,testing
2023-11-16 13:36:49,3.8min,615ad343c13d4d2294ed6bf30801853d,Noise Training - DRUM_5,LOCAL,experiments/vgg_imagenet200.py,elias,FINISHED,0,False,1,None,0.001,False,0,False,SGD,0,0.6123999953269958,0.8335999846458435,2.613006591796875,0.8838222026824951,0.9740444421768188,0.5667999982833862,0.8009999990463257,3.1664531230926514,testing
2023-11-16 13:33:02,3.7min,1971e2434b204b118a3433de49362e37,Approximate Retraining - Baseline - DRUM_5,LOCAL,experiments/vgg_imagenet200.py,elias,FINISHED,0,False,1,None,0.001,False,0,False,SGD,0,0.612500011920929,0.8345000147819519,2.6141457557678223,0.9008444547653198,0.9793444275856018,0.5622000098228455,0.800599992275238,3.1935877799987793,testing
2023-11-16 13:08:39,18.1min,6dfbc66d7d064b718ba34595b4cc1917,Approximate Retraining - Behavioral - DRUM_3,LOCAL,experiments/vgg_imagenet200.py,elias,FINISHED,0,False,1,None,0.001,False,0,False,SGD,0,0.6065000295639038,0.83160001039505,2.4730730056762695,0.8914555311203003,0.9776333570480347,0.5547999739646912,0.7978000044822693,2.9607348442077637,testing
2023-11-16 13:01:00,7.6min,9da4d541d65a4042bf840484aac292ec,Approximate Retraining - HTP - DRUM_3,LOCAL,experiments/vgg_imagenet200.py,elias,FINISHED,0,False,1,None,0.001,False,0,False,SGD,0,0.6068999767303467,0.83160001039505,2.473088026046753,0.891522228717804,0.9776555299758911,0.5547999739646912,0.7980999946594238,2.959914445877075,testing
2023-11-16 12:56:13,4.8min,0cd88c9d774f4f84858f1dc0f00450ea,Approximate Retraining - Linear - DRUM_3,LOCAL,experiments/vgg_imagenet200.py,elias,FINISHED,0,False,1,None,0.001,False,0,False,SGD,0,0.6065000295639038,0.8323000073432922,2.4633913040161133,0.8980222344398499,0.9786777496337891,0.5600000023841858,0.8014000058174133,3.2055041790008545,testing
2023-11-16 12:52:23,3.8min,19b85feb59ca4607b670d4b3c617caac,Noise Training - DRUM_3,LOCAL,experiments/vgg_imagenet200.py,elias,FINISHED,0,False,1,None,0.001,False,0,False,SGD,0,0.6079999804496765,0.8327000141143799,2.463857412338257,0.8829444646835327,0.9738666415214539,0.5666999816894531,0.8003000020980835,3.168247938156128,testing
2023-11-16 12:48:37,3.7min,bc4c69ee482442a2afe27c6fc7f60cd0,Approximate Retraining - Baseline - DRUM_3,LOCAL,experiments/vgg_imagenet200.py,elias,FINISHED,0,False,1,None,0.001,False,0,False,SGD,0,0.6062999963760376,0.8317000269889832,2.4621684551239014,0.9008444547653198,0.9793444275856018,0.5622000098228455,0.800599992275238,3.1935877799987793,testing
2023-11-16 12:18:18,17.8min,05aea467e77f4745a6ed68d810d3be72,Approximate Retraining - Behavioral - DRUM_4,LOCAL,experiments/vgg_imagenet200.py,elias,FINISHED,0,False,1,None,0.001,False,0,False,SGD,0,0.6116999983787537,0.8338000178337097,2.561258554458618,0.8971444368362427,0.9785777926445007,0.5597000122070312,0.800000011920929,3.062649726867676,testing
2023-11-16 12:10:47,7.5min,0b9f1e68599e43b59200d93c078ab7ab,Approximate Retraining - HTP - DRUM_4,LOCAL,experiments/vgg_imagenet200.py,elias,FINISHED,0,False,1,None,0.001,False,0,False,SGD,0,0.6118000149726868,0.8335000276565552,2.5615897178649902,0.8970999717712402,0.9786221981048584,0.5598000288009644,0.8004999756813049,3.062413454055786,testing
2023-11-16 12:06:02,4.7min,30b33446a74743c6b70b5b246490e01a,Approximate Retraining - Linear - DRUM_4,LOCAL,experiments/vgg_imagenet200.py,elias,FINISHED,0,False,1,None,0.001,False,0,False,SGD,0,0.6116999983787537,0.8335999846458435,2.5559020042419434,0.8994222283363342,0.9790777564048767,0.5615000128746033,0.8012999892234802,3.2048895359039307,testing
2023-11-16 12:02:13,3.8min,59770db8a1454ddd8c8d232d19fab5e2,Noise Training - DRUM_4,LOCAL,experiments/vgg_imagenet200.py,elias,FINISHED,0,False,1,None,0.001,False,0,False,SGD,0,0.6110000014305115,0.8334000110626221,2.554107427597046,0.8836555480957031,0.9740333557128906,0.5666999816894531,0.8007000088691711,3.1669633388519287,testing
2023-11-16 11:58:27,3.7min,6bf4f3f2afea46acab5ae15677dc6360,Approximate Retraining - Baseline - DRUM_4,LOCAL,experiments/vgg_imagenet200.py,elias,FINISHED,0,False,1,None,0.001,False,0,False,SGD,0,0.6118999719619751,0.8334000110626221,2.555152177810669,0.9008444547653198,0.9793444275856018,0.5622000098228455,0.800599992275238,3.1935877799987793,testing
2023-11-16 11:37:35,6.9min,c8b37d8b7f6a48a8be1ba8cc6b05b5dc,QAT Model,LOCAL,experiments/vgg_imagenet200.py,elias,FINISHED,0,False,2,None,0.0005,False,0.9,False,SGD,0.0001,0.6144999861717224,0.8363999724388123,2.6490731239318848,0.8844666481018066,0.9755222201347351,0.5550000071525574,0.7993000149726868,3.1786248683929443,testing
2023-11-16 10:33:18,1.1h,43510eb6a48642198785af32fc3813dd,Baseline Model,LOCAL,experiments/vgg_imagenet200.py,elias,FINISHED,0,False,30,None,0.01,False,0.9,False,SGD,0,0.6159999966621399,0.8363000154495239,2.26442551612854,0.9276999831199646,0.9817666411399841,0.5645999908447266,0.7928000092506409,2.5170888900756836,testing
2023-11-09 16:20:09,17.1min,c65fea12125b4d85860c1c8e901b05c9,Approximate Retraining - Behavioral - mul8s_1L2N,LOCAL,experiments/vgg_imagenet200.py,elias,FINISHED,0,False,1,None,0.001,False,0,False,SGD,0,0.005900000222027302,0.0272000003606081,5.302733421325684,0.005077777896076441,0.025777777656912804,0.00839999970048666,0.03220000118017197,5.299680233001709,testing
2023-11-09 16:15:39,4.4min,f9f1f0ca01584be2b6cd9f81d5258e1a,Approximate Retraining - HTP - mul8s_1L2N,LOCAL,experiments/vgg_imagenet200.py,elias,FINISHED,0,False,1,None,0.001,False,0,False,SGD,0,0.005900000222027302,0.0272000003606081,5.302733421325684,0.005077777896076441,0.025777777656912804,0.00839999970048666,0.03220000118017197,5.299680233001709,testing
2023-11-09 16:11:07,4.5min,4b6c7613c8c74aea8c280e1557fab0a4,Approximate Retraining - Linear - mul8s_1L2N,LOCAL,experiments/vgg_imagenet200.py,elias,FINISHED,0,False,1,None,0.001,False,0,False,SGD,0,0.00570000009611249,0.02759999968111515,5.302180767059326,0.005144444294273853,0.025144444778561592,0.006099999882280827,0.026599999517202377,5.379727840423584,testing
2023-11-09 16:07:22,3.7min,3f8129096b2142db9fcbb3007286a83d,Noise Training - mul8s_1L2N,LOCAL,experiments/vgg_imagenet200.py,elias,FINISHED,0,False,1,None,0.001,False,0,False,SGD,0,0.006300000008195639,0.026900000870227814,5.3028950691223145,0.004911111202090979,0.025100000202655792,0.9034000039100647,0.9696999788284302,0.48391005396842957,testing
2023-11-09 16:03:37,3.6min,7bc141f2d95c465f998cf22a758fd5d7,Approximate Retraining - Baseline - mul8s_1L2N,LOCAL,experiments/vgg_imagenet200.py,elias,FINISHED,0,False,1,None,0.001,False,0,False,SGD,0,0.006300000008195639,0.027400000020861626,5.302778720855713,0.7816555500030518,0.9330666661262512,0.9004999995231628,0.9707000255584717,0.5002944469451904,testing
2023-11-09 15:47:08,16.4min,8cc39758203d468bb5f774817f9923aa,Approximate Retraining - Behavioral - mul8s_1L2L,LOCAL,experiments/vgg_imagenet200.py,elias,FINISHED,0,False,1,None,0.001,False,0,False,SGD,0,0.5641000270843506,0.7694000005722046,3.5219180583953857,0.5289444327354431,0.7339110970497131,0.8460999727249146,0.9455999732017517,2.978058099746704,testing
2023-11-09 15:42:49,4.3min,d542ff5323d2499699c923de7bcbd751,Approximate Retraining - HTP - mul8s_1L2L,LOCAL,experiments/vgg_imagenet200.py,elias,FINISHED,0,False,1,None,0.001,False,0,False,SGD,0,0.5641000270843506,0.7694000005722046,3.5219180583953857,0.5289444327354431,0.7339110970497131,0.8460999727249146,0.9455999732017517,2.978058099746704,testing
2023-11-09 15:38:16,4.5min,0172240321cc42089600b93c1d5aebdd,Approximate Retraining - Linear - mul8s_1L2L,LOCAL,experiments/vgg_imagenet200.py,elias,FINISHED,0,False,1,None,0.001,False,0,False,SGD,0,0.5787000060081482,0.7878000140190125,3.649993658065796,0.4457777738571167,0.6402555704116821,0.8302000164985657,0.9330000281333923,2.5372743606567383,testing
2023-11-09 15:34:32,3.7min,1c7916beda1940deb4c84007d489f9bd,Noise Training - mul8s_1L2L,LOCAL,experiments/vgg_imagenet200.py,elias,FINISHED,0,False,1,None,0.001,False,0,False,SGD,0,0.5394999980926514,0.7436000108718872,3.974439859390259,0.016455555334687233,0.04474444314837456,0.9034000039100647,0.9696000218391418,0.4846607446670532,testing
2023-11-09 15:30:49,3.6min,d0cb162bf7384dc583b956d30f7459e6,Approximate Retraining - Baseline - mul8s_1L2L,LOCAL,experiments/vgg_imagenet200.py,elias,FINISHED,0,False,1,None,0.001,False,0,False,SGD,0,0.5418000221252441,0.7483000159263611,3.944348096847534,0.7816555500030518,0.9330666661262512,0.9004999995231628,0.9707000255584717,0.5002944469451904,testing
2023-11-09 15:14:16,16.5min,db74dcfe364c41e0b54f13713fab00d5,Approximate Retraining - Behavioral - mul8s_1L2J,LOCAL,experiments/vgg_imagenet200.py,elias,FINISHED,0,False,1,None,0.001,False,0,False,SGD,0,0.6284000277519226,0.8438000082969666,1.858061671257019,0.7942110896110535,0.9336110949516296,0.9038000106811523,0.9703999757766724,0.4083370864391327,testing
2023-11-09 15:09:53,4.3min,570bcbe4c2814d68a2bae12de9b64262,Approximate Retraining - HTP - mul8s_1L2J,LOCAL,experiments/vgg_imagenet200.py,elias,FINISHED,0,False,1,None,0.001,False,0,False,SGD,0,0.6284999847412109,0.8438000082969666,1.8580687046051025,0.7942110896110535,0.9336110949516296,0.9038000106811523,0.9703999757766724,0.4083433151245117,testing
2023-11-09 15:05:24,4.5min,6998d7b51e0b40b88fb1f81e62c5640e,Approximate Retraining - Linear - mul8s_1L2J,LOCAL,experiments/vgg_imagenet200.py,elias,FINISHED,0,False,1,None,0.001,False,0,False,SGD,0,0.6287000179290771,0.8439000248908997,1.839747667312622,0.7944666743278503,0.9340444207191467,0.9036999940872192,0.9703999757766724,0.4087706506252289,testing
2023-11-09 15:01:47,3.6min,23051d2213104dd38d6c2951c4f75309,Noise Training - mul8s_1L2J,LOCAL,experiments/vgg_imagenet200.py,elias,FINISHED,0,False,1,None,0.001,False,0,False,SGD,0,0.626800000667572,0.8385000228881836,2.095895528793335,0.7927555441856384,0.9313889145851135,0.899399995803833,0.9689000248908997,0.5417630672454834,testing
2023-11-09 14:58:06,3.6min,61725724bd3f4daaa0792702b4701a91,Approximate Retraining - Baseline - mul8s_1L2J,LOCAL,experiments/vgg_imagenet200.py,elias,FINISHED,0,False,1,None,0.001,False,0,False,SGD,0,0.6292999982833862,0.8442000150680542,1.7379422187805176,0.7816555500030518,0.9330666661262512,0.9004999995231628,0.9707000255584717,0.5002944469451904,testing
2023-11-09 14:41:25,16.6min,a4adccd09da8432d9220955d7d5e0232,Approximate Retraining - Behavioral - mul8s_1L12,LOCAL,experiments/vgg_imagenet200.py,elias,FINISHED,0,False,1,None,0.001,False,0,False,SGD,0,0.5898000001907349,0.7946000099182129,1.9192609786987305,0.7426666617393494,0.9018222093582153,0.8019000291824341,0.8748000264167786,1.3249013423919678,testing
2023-11-09 14:37:43,3.6min,c594be36415a44158bd5b5ed0dc1dba0,Approximate Retraining - HTP - mul8s_1L12,LOCAL,experiments/vgg_imagenet200.py,elias,FINISHED,0,False,1,None,0.001,False,0,False,SGD,0,0.5898000001907349,0.7946000099182129,1.9192609786987305,0.7426666617393494,0.9018222093582153,0.8019000291824341,0.8748000264167786,1.3249001502990723,testing
2023-11-09 14:33:14,4.4min,ffd82ef212ae49d293c10fbdcf2bd190,Approximate Retraining - Linear - mul8s_1L12,LOCAL,experiments/vgg_imagenet200.py,elias,FINISHED,0,False,1,None,0.001,False,0,False,SGD,0,0.5401999950408936,0.7371000051498413,2.5206282138824463,0.08767777681350708,0.2240999937057495,0.3138999938964844,0.4657000005245209,3.6520566940307617,testing
2023-11-09 14:29:39,3.5min,e412b24c302446099fe21a50308394c6,Noise Training - mul8s_1L12,LOCAL,experiments/vgg_imagenet200.py,elias,FINISHED,0,False,1,None,0.001,False,0,False,SGD,0,0.5202000141143799,0.6992999911308289,3.546950340270996,0.6322110891342163,0.8701000213623047,0.9017000198364258,0.9695000052452087,0.4922727644443512,testing
2023-11-09 14:26:04,3.5min,a990d08e402d4e2cbb1f69207a3a74b5,Approximate Retraining - Baseline - mul8s_1L12,LOCAL,experiments/vgg_imagenet200.py,elias,FINISHED,0,False,1,None,0.001,False,0,False,SGD,0,0.5178999900817871,0.6980999708175659,3.5137500762939453,0.7816555500030518,0.9330666661262512,0.9004999995231628,0.9707000255584717,0.5002944469451904,testing
2023-11-09 14:09:32,16.5min,535517d5cd4f4e6f9cce015b0b1bbb0f,Approximate Retraining - Behavioral - mul8s_1KXF,LOCAL,experiments/vgg_imagenet200.py,elias,FINISHED,0,False,1,None,0.001,False,0,False,SGD,0,0.6297000050544739,0.847000002861023,2.275953769683838,0.7848888635635376,0.934077799320221,0.9000999927520752,0.9706000089645386,0.4760694205760956,testing
2023-11-09 14:05:53,3.6min,dafbefb2d6b041a6b407136f9008f3a9,Approximate Retraining - HTP - mul8s_1KXF,LOCAL,experiments/vgg_imagenet200.py,elias,FINISHED,0,False,1,None,0.001,False,0,False,SGD,0,0.6295999884605408,0.8468999862670898,2.2760415077209473,0.7848444581031799,0.9340888857841492,0.8996999859809875,0.9707000255584717,0.4760648310184479,testing
2023-11-09 14:01:15,4.6min,e14b34e6e0364fd09820c6f1e26f160e,Approximate Retraining - Linear - mul8s_1KXF,LOCAL,experiments/vgg_imagenet200.py,elias,FINISHED,0,False,1,None,0.001,False,0,False,SGD,0,0.628600001335144,0.8461999893188477,2.2478854656219482,0.7752777934074402,0.9319888949394226,0.8964999914169312,0.9708999991416931,0.5086422562599182,testing
2023-11-09 13:57:34,3.6min,844dac3b00d2436eae09395379a6e32e,Noise Training - mul8s_1KXF,LOCAL,experiments/vgg_imagenet200.py,elias,FINISHED,0,False,1,None,0.001,False,0,False,SGD,0,0.6316999793052673,0.8485000133514404,2.2360572814941406,0.7788666486740112,0.9315666556358337,0.909600019454956,0.9707000255584717,0.4705474078655243,testing
2023-11-09 13:53:54,3.6min,41660d297b3d4dcbb5034c602a8ea569,Approximate Retraining - Baseline - mul8s_1KXF,LOCAL,experiments/vgg_imagenet200.py,elias,FINISHED,0,False,1,None,0.001,False,0,False,SGD,0,0.6297000050544739,0.847000002861023,2.2457566261291504,0.7816555500030518,0.9330666661262512,0.9004999995231628,0.9707000255584717,0.5002944469451904,testing
2023-11-09 13:17:22,16.6min,7d9632ce81fc4abdbc67d589f7ee9fa6,Approximate Retraining - Behavioral - mul8s_1KX5,LOCAL,experiments/vgg_imagenet200.py,elias,FINISHED,0,False,1,None,0.001,False,0,False,SGD,0,0.6295999884605408,0.8435999751091003,1.797333836555481,0.7896999716758728,0.9301999807357788,0.9031000137329102,0.9696000218391418,0.4200262129306793,testing
2023-11-09 13:13:17,4.0min,4fb6189bf5de4b738b7a803d75954a5b,Approximate Retraining - HTP - mul8s_1KX5,LOCAL,experiments/vgg_imagenet200.py,elias,FINISHED,0,False,1,None,0.001,False,0,False,SGD,0,0.6204000115394592,0.8305000066757202,2.1122491359710693,0.5829222202301025,0.7203888893127441,0.7929999828338623,0.8878999948501587,1.3066610097885132,testing
2023-11-09 13:08:44,4.5min,61e670e39d2c4acd8f642068198bf6f9,Approximate Retraining - Linear - mul8s_1KX5,LOCAL,experiments/vgg_imagenet200.py,elias,FINISHED,0,False,1,None,0.001,False,0,False,SGD,0,0.6287000179290771,0.8432999849319458,1.6825259923934937,0.780655562877655,0.9331444501876831,0.8985999822616577,0.9708999991416931,0.5017756819725037,testing
2023-11-09 13:05:05,3.6min,0e2cf67607694893b1a5e06fe13064ad,Noise Training - mul8s_1KX5,LOCAL,experiments/vgg_imagenet200.py,elias,FINISHED,0,False,1,None,0.001,False,0,False,SGD,0,0.6280999779701233,0.8396000266075134,1.900671124458313,0.7927333116531372,0.930911123752594,0.9013000130653381,0.9696000218391418,0.5234469771385193,testing
2023-11-09 13:01:26,3.5min,385a85bbf6514c138737cdc9c90ef6cd,Approximate Retraining - Baseline - mul8s_1KX5,LOCAL,experiments/vgg_imagenet200.py,elias,FINISHED,0,False,1,None,0.001,False,0,False,SGD,0,0.6290000081062317,0.8436999917030334,1.6825467348098755,0.7816555500030518,0.9330666661262512,0.9004999995231628,0.9707000255584717,0.5002944469451904,testing
2023-11-09 12:44:46,16.6min,ea21924c09f24471b2bd66a991a4d349,Approximate Retraining - Behavioral - mul8s_1KVQ,LOCAL,experiments/vgg_imagenet200.py,elias,FINISHED,0,False,1,None,0.001,False,0,False,SGD,0,0.6292999982833862,0.8457000255584717,2.1144442558288574,0.7919111251831055,0.934499979019165,0.9034000039100647,0.9704999923706055,0.43123969435691833,testing
2023-11-09 12:40:11,4.5min,a4b0cedad1ce4c8b9e88bf0e5df0ccaf,Approximate Retraining - HTP - mul8s_1KVQ,LOCAL,experiments/vgg_imagenet200.py,elias,FINISHED,0,False,1,None,0.001,False,0,False,SGD,0,0.6287000179290771,0.8442999720573425,2.16813063621521,0.7949333190917969,0.9351333379745483,0.9025999903678894,0.9697999954223633,0.4316617250442505,testing
2023-11-09 12:35:40,4.5min,d98e6b9122da42f886265b50834ba8e3,Approximate Retraining - Linear - mul8s_1KVQ,LOCAL,experiments/vgg_imagenet200.py,elias,FINISHED,0,False,1,None,0.001,False,0,False,SGD,0,0.6288999915122986,0.8457000255584717,2.0913619995117188,0.7812888622283936,0.9332777857780457,0.8998000025749207,0.9706000089645386,0.5011313557624817,testing
2023-11-09 12:32:03,3.6min,9a64af851aba424e9f779f9e4f6228aa,Noise Training - mul8s_1KVQ,LOCAL,experiments/vgg_imagenet200.py,elias,FINISHED,0,False,1,None,0.001,False,0,False,SGD,0,0.6305000185966492,0.8464000225067139,2.1465978622436523,0.7929111123085022,0.933388888835907,0.9028000235557556,0.9697999954223633,0.49992313981056213,testing
2023-11-09 12:28:25,3.5min,77ee7d18175741549e4610b803991898,Approximate Retraining - Baseline - mul8s_1KVQ,LOCAL,experiments/vgg_imagenet200.py,elias,FINISHED,0,False,1,None,0.001,False,0,False,SGD,0,0.6292999982833862,0.8457000255584717,2.092195749282837,0.7816555500030518,0.9330666661262512,0.9004999995231628,0.9707000255584717,0.5002944469451904,testing
2023-11-09 12:11:45,16.6min,870fc9eb62b8406cab7faf09758eb93d,Approximate Retraining - Behavioral - mul8s_1KVP,LOCAL,experiments/vgg_imagenet200.py,elias,FINISHED,0,False,1,None,0.001,False,0,False,SGD,0,0.6298999786376953,0.8468000292778015,2.31823992729187,0.7865111231803894,0.9341777563095093,0.9017000198364258,0.9704999923706055,0.47656500339508057,testing
2023-11-09 12:07:08,4.5min,f2343a47169e4a068bbdaa87f5e22501,Approximate Retraining - HTP - mul8s_1KVP,LOCAL,experiments/vgg_imagenet200.py,elias,FINISHED,0,False,1,None,0.001,False,0,False,SGD,0,0.6304000020027161,0.8467000126838684,2.327369451522827,0.7896444201469421,0.9349444508552551,0.9016000032424927,0.9704999923706055,0.46185415983200073,testing
2023-11-09 12:02:25,4.6min,f5d161a3e7594415b2d93ee2edce5cfd,Approximate Retraining - Linear - mul8s_1KVP,LOCAL,experiments/vgg_imagenet200.py,elias,FINISHED,0,False,1,None,0.001,False,0,False,SGD,0,0.6301000118255615,0.8468000292778015,2.31437611579895,0.7811333537101746,0.9332333207130432,0.8999000191688538,0.9706000089645386,0.501742959022522,testing
2023-11-09 11:58:35,3.8min,30121a6c5b5144c89bd7c03795fdc443,Noise Training - mul8s_1KVP,LOCAL,experiments/vgg_imagenet200.py,elias,FINISHED,0,False,1,None,0.001,False,0,False,SGD,0,0.6294000148773193,0.8463000059127808,2.3187074661254883,0.7850000262260437,0.9321666955947876,0.9027000069618225,0.9693999886512756,0.49133017659187317,testing
2023-11-09 11:54:50,3.6min,16234457308d413ea790bb3b4de4b24a,Approximate Retraining - Baseline - mul8s_1KVP,LOCAL,experiments/vgg_imagenet200.py,elias,FINISHED,0,False,1,None,0.001,False,0,False,SGD,0,0.6304000020027161,0.8472999930381775,2.31526780128479,0.7816555500030518,0.9330666661262512,0.9004999995231628,0.9707000255584717,0.5002944469451904,testing
2023-11-09 11:38:06,16.7min,2c137bfd8b4c4267be309d5b663fa376,Approximate Retraining - Behavioral - mul8s_1KVM,LOCAL,experiments/vgg_imagenet200.py,elias,FINISHED,0,False,1,None,0.001,False,0,False,SGD,0,0.6299999952316284,0.847000002861023,2.378174304962158,0.7821555733680725,0.9333000183105469,0.900600016117096,0.97079998254776,0.4965379536151886,testing
2023-11-09 11:34:21,3.7min,ac490abd3c304e1897fb1dc1b37674d2,Approximate Retraining - HTP - mul8s_1KVM,LOCAL,experiments/vgg_imagenet200.py,elias,FINISHED,0,False,1,None,0.001,False,0,False,SGD,0,0.6299999952316284,0.847100019454956,2.3781723976135254,0.7821555733680725,0.9332777857780457,0.900600016117096,0.97079998254776,0.4965137243270874,testing
2023-11-09 11:29:49,4.5min,d9b1b89ed9fd4fd889f9ebd725c63b1b,Approximate Retraining - Linear - mul8s_1KVM,LOCAL,experiments/vgg_imagenet200.py,elias,FINISHED,0,False,1,None,0.001,False,0,False,SGD,0,0.6302000284194946,0.8468999862670898,2.373265266418457,0.781166672706604,0.9331889152526855,0.8999000191688538,0.9706000089645386,0.501869261264801,testing
2023-11-09 11:26:12,3.6min,55f655ee67b2457c8552ce964b70d1e6,Noise Training - mul8s_1KVM,LOCAL,experiments/vgg_imagenet200.py,elias,FINISHED,0,False,1,None,0.001,False,0,False,SGD,0,0.6292999982833862,0.8464999794960022,2.373452663421631,0.7804666757583618,0.9314555525779724,0.9023000001907349,0.9696999788284302,0.4901747703552246,testing
2023-11-09 11:22:33,3.5min,2616c10c736d4650be13f2f000b4a510,Approximate Retraining - Baseline - mul8s_1KVM,LOCAL,experiments/vgg_imagenet200.py,elias,FINISHED,0,False,1,None,0.001,False,0,False,SGD,0,0.6299999952316284,0.8474000096321106,2.374284267425537,0.7816555500030518,0.9330666661262512,0.9004999995231628,0.9707000255584717,0.5002944469451904,testing
2023-11-09 11:05:50,16.6min,3b815284e062435f983b60afd18e06ef,Approximate Retraining - Behavioral - mul8s_1KVA,LOCAL,experiments/vgg_imagenet200.py,elias,FINISHED,0,False,1,None,0.001,False,0,False,SGD,0,0.6277999877929688,0.8440999984741211,1.973840594291687,0.7906777858734131,0.9325666427612305,0.9035000205039978,0.9707000255584717,0.41625747084617615,testing
2023-11-09 11:01:22,4.4min,90c18721c1d14568b6877ae86ebf9a99,Approximate Retraining - HTP - mul8s_1KVA,LOCAL,experiments/vgg_imagenet200.py,elias,FINISHED,0,False,1,None,0.001,False,0,False,SGD,0,0.6269999742507935,0.8436999917030334,2.0430023670196533,0.7922000288963318,0.9316111207008362,0.9021999835968018,0.9700000286102295,0.4267524480819702,testing
2023-11-09 10:56:50,4.5min,65f878ed3ae447eca6a21eb66e52a7c5,Approximate Retraining - Linear - mul8s_1KVA,LOCAL,experiments/vgg_imagenet200.py,elias,FINISHED,0,False,1,None,0.001,False,0,False,SGD,0,0.628600001335144,0.8442999720573425,1.9244486093521118,0.7817777991294861,0.9330777525901794,0.9004999995231628,0.9707000255584717,0.4995110332965851,testing
2023-11-09 10:53:12,3.6min,b42a0d3b963a4c37ad53950c5c571252,Noise Training - mul8s_1KVA,LOCAL,experiments/vgg_imagenet200.py,elias,FINISHED,0,False,1,None,0.001,False,0,False,SGD,0,0.6308000087738037,0.8429999947547913,2.0680906772613525,0.7946333289146423,0.9329444169998169,0.9023000001907349,0.9696000218391418,0.5118536353111267,testing
2023-11-09 10:49:35,3.5min,b7c31047916c4426b7a9d9c179015325,Approximate Retraining - Baseline - mul8s_1KVA,LOCAL,experiments/vgg_imagenet200.py,elias,FINISHED,0,False,1,None,0.001,False,0,False,SGD,0,0.6284000277519226,0.8442999720573425,1.92429780960083,0.7816555500030518,0.9330666661262512,0.9004999995231628,0.9707000255584717,0.5002944469451904,testing
2023-11-09 10:32:43,16.8min,a774a28a8ea44b3cb4a08b46180a7375,Approximate Retraining - Behavioral - mul8s_1KV9,LOCAL,experiments/vgg_imagenet200.py,elias,FINISHED,0,False,1,None,0.001,False,0,False,SGD,0,0.6305999755859375,0.8460000157356262,2.2839272022247314,0.7883555293083191,0.9344666600227356,0.9016000032424927,0.9700999855995178,0.4653836488723755,testing
2023-11-09 10:28:12,4.4min,6e4337fdcaa94173a02d5c620464d439,Approximate Retraining - HTP - mul8s_1KV9,LOCAL,experiments/vgg_imagenet200.py,elias,FINISHED,0,False,1,None,0.001,False,0,False,SGD,0,0.6305000185966492,0.8460000157356262,2.2879457473754883,0.7889999747276306,0.9346444606781006,0.9017000198364258,0.9702000021934509,0.4626021087169647,testing
2023-11-09 10:23:27,4.7min,1184845b6cb14808af912f58a7def893,Approximate Retraining - Linear - mul8s_1KV9,LOCAL,experiments/vgg_imagenet200.py,elias,FINISHED,0,False,1,None,0.001,False,0,False,SGD,0,0.6301000118255615,0.8468000292778015,2.284763813018799,0.7817444205284119,0.9330888986587524,0.900600016117096,0.9707000255584717,0.5001068115234375,testing
2023-11-09 10:19:37,3.8min,cb10bb1a205240969d7136848edff7ce,Noise Training - mul8s_1KV9,LOCAL,experiments/vgg_imagenet200.py,elias,FINISHED,0,False,1,None,0.001,False,0,False,SGD,0,0.6294999718666077,0.8463000059127808,2.296412229537964,0.788611114025116,0.9329444169998169,0.9025999903678894,0.9695000052452087,0.49320322275161743,testing
2023-11-09 10:15:47,3.7min,a89f09b5bfda4b519574ef4fe27ada2d,Approximate Retraining - Baseline - mul8s_1KV9,LOCAL,experiments/vgg_imagenet200.py,elias,FINISHED,0,False,1,None,0.001,False,0,False,SGD,0,0.6301000118255615,0.8464999794960022,2.284684658050537,0.7816555500030518,0.9330666661262512,0.9004999995231628,0.9707000255584717,0.5002944469451904,testing
2023-11-09 09:58:56,16.8min,21a6b541b1114c15a290830d86cacf8e,Approximate Retraining - Behavioral - mul8s_1KV8,LOCAL,experiments/vgg_imagenet200.py,elias,FINISHED,0,False,1,None,0.001,False,0,False,SGD,0,0.6306999921798706,0.8467000126838684,2.3677175045013428,0.7836777567863464,0.9334889054298401,0.9014999866485596,0.9706000089645386,0.49038267135620117,testing
2023-11-09 09:54:26,4.4min,e54a6acf14c4431dace4d31293603337,Approximate Retraining - HTP - mul8s_1KV8,LOCAL,experiments/vgg_imagenet200.py,elias,FINISHED,0,False,1,None,0.001,False,0,False,SGD,0,0.6306999921798706,0.8468000292778015,2.3686463832855225,0.7853111028671265,0.9340222477912903,0.9018999934196472,0.970300018787384,0.48390668630599976,testing
2023-11-09 09:49:54,4.5min,ca291255c2cb4eec9274762c8762534a,Approximate Retraining - Linear - mul8s_1KV8,LOCAL,experiments/vgg_imagenet200.py,elias,FINISHED,0,False,1,None,0.001,False,0,False,SGD,0,0.6305999755859375,0.8465999960899353,2.3690383434295654,0.7816888689994812,0.933055579662323,0.900600016117096,0.9707000255584717,0.5002443194389343,testing
2023-11-09 09:46:16,3.6min,75737dda5cdb44c894cda0735aef5d67,Noise Training - mul8s_1KV8,LOCAL,experiments/vgg_imagenet200.py,elias,FINISHED,0,False,1,None,0.001,False,0,False,SGD,0,0.6290000081062317,0.8467000126838684,2.369983196258545,0.7830222249031067,0.9318333268165588,0.9024999737739563,0.9696000218391418,0.4907294511795044,testing
2023-11-09 09:42:37,3.5min,a42cb0634f31428e95e2fa3c5eee54f4,Approximate Retraining - Baseline - mul8s_1KV8,LOCAL,experiments/vgg_imagenet200.py,elias,FINISHED,0,False,1,None,0.001,False,0,False,SGD,0,0.6305999755859375,0.8465999960899353,2.369046211242676,0.7816555500030518,0.9330666661262512,0.9004999995231628,0.9707000255584717,0.5002944469451904,testing
2023-11-09 09:25:42,16.8min,1cd9ca40dfe842758b8e6ab1860fd18f,Approximate Retraining - Behavioral - mul8s_1KV6,LOCAL,experiments/vgg_imagenet200.py,elias,FINISHED,0,False,1,None,0.001,False,0,False,SGD,0,0.6295999884605408,0.8467000126838684,2.395571231842041,0.7816555500030518,0.933055579662323,0.9004999995231628,0.9707000255584717,0.5002772212028503,testing
2023-11-09 09:22:07,3.5min,498c4a99935143f6952609b8216ca3c5,Approximate Retraining - HTP - mul8s_1KV6,LOCAL,experiments/vgg_imagenet200.py,elias,FINISHED,0,False,1,None,0.001,False,0,False,SGD,0,0.6295999884605408,0.8465999960899353,2.3955461978912354,0.7816555500030518,0.9330666661262512,0.9004999995231628,0.9707000255584717,0.5002944469451904,testing
2023-11-09 09:17:27,4.6min,48a52208b6cd4d529415fdefc45d6a24,Approximate Retraining - Linear - mul8s_1KV6,LOCAL,experiments/vgg_imagenet200.py,elias,FINISHED,0,False,1,None,0.001,False,0,False,SGD,0,0.6295999884605408,0.8465999960899353,2.3955461978912354,0.7816555500030518,0.9330666661262512,0.9004999995231628,0.9707000255584717,0.5002944469451904,testing
2023-11-09 09:13:42,3.7min,bfba158fd5a24a3f87bfa8fb77ddacf1,Noise Training - mul8s_1KV6,LOCAL,experiments/vgg_imagenet200.py,elias,FINISHED,0,False,1,None,0.001,False,0,False,SGD,0,0.6320000290870667,0.8479999899864197,2.3892149925231934,0.7818889021873474,0.9323111176490784,0.9093999862670898,0.9707000255584717,0.4708615839481354,testing
2023-11-09 09:09:59,3.6min,0200861fa4ea48daace381b2f9b500df,Approximate Retraining - Baseline - mul8s_1KV6,LOCAL,experiments/vgg_imagenet200.py,elias,FINISHED,0,False,1,None,0.001,False,0,False,SGD,0,0.6295999884605408,0.8465999960899353,2.3955461978912354,0.7816555500030518,0.9330666661262512,0.9004999995231628,0.9707000255584717,0.5002944469451904,testing
2023-01-09 09:55:25,16.2min,0865180c86c14f38b5b7683d25871e44,Approximate Retraining - Behavioral - mul8s_1L2N,LOCAL,experiments/vgg_imagenet200.py,elias,FINISHED,0,False,1,None,0.001,False,0,False,SGD,0,0.006000000052154064,0.027899999171495438,5.30246114730835,0.005077777896076441,0.025955555960536003,0.008200000040233135,0.032499998807907104,5.299354076385498,testing
2023-01-09 09:50:57,4.4min,e375532aefa54ab4af6985319aa64ed0,Approximate Retraining - HTP - mul8s_1L2N,LOCAL,experiments/vgg_imagenet200.py,elias,FINISHED,0,False,1,None,0.001,False,0,False,SGD,0,0.006000000052154064,0.027899999171495438,5.30246114730835,0.005077777896076441,0.025955555960536003,0.008200000040233135,0.032499998807907104,5.299354076385498,testing
2023-01-09 09:47:15,3.6min,585322a8e9a24c1fa695745190e2e79f,Noise Training - mul8s_1L2N,LOCAL,experiments/vgg_imagenet200.py,elias,FINISHED,0,False,1,None,0.001,False,0,False,SGD,0,0.006399999838322401,0.027899999171495438,5.302781581878662,0.004911111202090979,0.025100000202655792,0.9031999707221985,0.9717000126838684,0.4763469696044922,testing
